aqpZ2_1,CP089948.1,98.356,669,11,0,1,669,1689666,1688998,0,1175
aqpZ2_1,AE005672.3,98.356,669,11,0,1,669,1696857,1696189,0,1175
argG_1,CP089948.1,95.957,371,15,0,1,371,115169,115539,1.40E-172,603
argG_1,AE005672.3,95.957,371,15,0,1,371,114909,115279,1.40E-172,603
argH_1,CP089948.1,100,58,0,0,768,825,115531,115588,9.18E-24,108
argH_1,AE005672.3,100,58,0,0,768,825,115271,115328,9.18E-24,108
artM_1,CP089948.1,99.865,741,1,0,1,741,1173929,1174669,0,1363
artM_1,CP089948.1,81.308,214,40,0,424,637,424575,424362,7.99E-44,174
artM_1,AE005672.3,99.865,741,1,0,1,741,1173666,1174406,0,1363
artM_1,AE005672.3,81.308,214,40,0,424,637,424316,424103,7.99E-44,174
artP_2_1,CP089948.1,96.902,807,25,0,1,807,114346,115152,0,1352
artP_2_1,AE005672.3,96.902,807,25,0,1,807,114086,114892,0,1352
asp1_1,CP089948.1,99.052,1582,13,2,1,1581,1665807,1664227,0,2837
asp1_1,AE005672.3,99.052,1582,13,2,1,1581,1665542,1663962,0,2837
asp2_1,CP089948.1,99.87,1536,2,0,1,1536,1664243,1662708,0,2826
asp2_1,AE005672.3,99.87,1536,2,0,1,1536,1663978,1662443,0,2826
asp3_1,CP089948.1,99.546,441,2,0,1,441,1662711,1662271,0,804
asp3_1,AE005672.3,99.546,441,2,0,1,441,1662446,1662006,0,804
atpE_2atpE_1_1,CP089948.1,100,582,0,0,1,582,1244621,1244040,0,1075
atpE_2atpE_1_1,AE005672.3,100,582,0,0,1,582,1244358,1243777,0,1075
bcrA_2_1,CP089948.1,100,67,0,0,1,67,1234683,1234617,8.03E-29,124
bcrA_2_1,AE005672.3,100,67,0,0,1,67,1234420,1234354,8.03E-29,124
bglA_2bglA_1_1,CP089948.1,99.513,1437,7,0,1,1437,277097,278533,0,2615
bglA_2bglA_1_1,AE005672.3,99.513,1437,7,0,1,1437,276838,278274,0,2615
bglF_1gamP_1,CP089948.1,98.048,461,9,0,1478,1938,1625828,1625368,0,802
bglF_1gamP_1,AE005672.3,98.048,461,9,0,1478,1938,1625563,1625103,0,802
bglK_3_1,CP089948.1,100,891,0,0,1,891,1248366,1247476,0,1646
bglK_3_1,AE005672.3,100,891,0,0,1,891,1248103,1247213,0,1646
blaSE_1,CP089948.1,99.89,906,1,0,1,906,368946,369851,0,1668
blaSE_1,CP089948.1,95.868,121,5,0,786,906,357108,357228,2.10E-50,196
blaSE_1,CP089948.1,96.154,52,2,0,768,819,356844,356895,4.74E-17,86.1
blaSE_1,AE005672.3,99.89,906,1,0,1,906,368687,369592,0,1668
blaSE_1,AE005672.3,95.868,121,5,0,786,906,356849,356969,2.10E-50,196
blaSE_1,AE005672.3,96.154,52,2,0,768,819,356585,356636,4.74E-17,86.1
bshA_1,CP089948.1,99.81,525,1,0,1,525,133974,134498,0,965
bshA_1,AE005672.3,99.81,525,1,0,1,525,133714,134238,0,965
btrD_1,CP089948.1,99.467,750,4,0,1,750,137770,138519,0,1363
btrD_1,AE005672.3,99.467,750,4,0,1,750,137510,138259,0,1363
btrD_2,CP089948.1,99.184,735,6,0,70,804,137785,138519,0,1325
btrD_2,AE005672.3,99.184,735,6,0,70,804,137525,138259,0,1325
btuD_1yxdL_2_1,CP089948.1,100,741,0,0,1,741,1264282,1263542,0,1369
btuD_1yxdL_2_1,AE005672.3,100,741,0,0,1,741,1264019,1263279,0,1369
btuD_5_1,CP089948.1,100,345,0,0,1,345,1263886,1263542,0,638
btuD_5_1,AE005672.3,100,345,0,0,1,345,1263623,1263279,0,638
btuD_8_1,CP089948.1,91.885,801,65,0,85,885,1899794,1898994,0,1120
btuD_8_1,AE005672.3,91.885,801,65,0,85,885,1906985,1906185,0,1120
capD_1,CP089948.1,82.333,900,157,2,4,902,333143,334041,0,780
capD_1,AE005672.3,82.333,900,157,2,4,902,332884,333782,0,780
ccpA_2ccpA_1_1,CP089948.1,100,972,0,0,70,1041,1725747,1724776,0,1796
ccpA_2ccpA_1_1,AE005672.3,100,972,0,0,70,1041,1732938,1731967,0,1796
coaBC_1_1,CP089948.1,99.821,558,1,0,1,558,160644,161201,0,1026
coaBC_1_1,AE005672.3,99.821,558,1,0,1,558,160384,160941,0,1026
cpsB_1,CP089948.1,96.862,733,21,2,1,732,321783,322514,0,1225
cpsB_1,AE005672.3,96.862,733,21,2,1,732,321524,322255,0,1225
cpsB_1cpsBcpsB_2_1,CP089948.1,87.11,737,85,10,1,732,321783,322514,0,826
cpsB_1cpsBcpsB_2_1,AE005672.3,87.11,737,85,10,1,732,321524,322255,0,826
cpsB_2cpsB_1,CP089948.1,95.082,732,36,0,1,732,321783,322514,0,1153
cpsB_2cpsB_1,AE005672.3,95.082,732,36,0,1,732,321524,322255,0,1153
desK_1,CP089948.1,100,1098,0,0,1,1098,1898255,1897158,0,2028
desK_1,AE005672.3,100,1098,0,0,1,1098,1905446,1904349,0,2028
dexBglgB_1_1,CP089948.1,97.659,3374,73,6,1145,4515,343575,346945,0,5788
dexBglgB_1_1,CP089948.1,98.352,1153,19,0,1,1153,315597,316749,0,2025
dexBglgB_1_1,AE005672.3,97.659,3374,73,6,1145,4515,343316,346686,0,5788
dexBglgB_1_1,AE005672.3,98.352,1153,19,0,1,1153,315338,316490,0,2025
dexBsarA_2glgB_2sarA_1_1,CP089948.1,98.582,1693,24,0,1431,3123,339648,341340,0,2994
dexBsarA_2glgB_2sarA_1_1,CP089948.1,98.476,1444,22,0,1,1444,315597,317040,0,2545
dexBsarA_2glgB_2sarA_1_1,AE005672.3,98.582,1693,24,0,1431,3123,339389,341081,0,2994
dexBsarA_2glgB_2sarA_1_1,AE005672.3,98.476,1444,22,0,1,1444,315338,316781,0,2545
dinB_1,CP089948.1,98.682,1062,14,0,1,1062,432219,431158,0,1884
dinB_1,AE005672.3,98.682,1062,14,0,1,1062,431960,430899,0,1884
dnaI_1,CP089948.1,87.347,901,106,8,1,897,1615945,1615049,0,1026
dnaI_1,AE005672.3,87.347,901,106,8,1,897,1615681,1614785,0,1026
dnaI_2,CP089948.1,99.554,897,4,0,1,897,1615945,1615049,0,1635
dnaI_2,AE005672.3,99.554,897,4,0,1,897,1615681,1614785,0,1635
dps_1,CP089948.1,88.462,520,58,2,1,519,1478835,1478317,3.53E-180,627
dps_1,AE005672.3,88.462,520,58,2,1,519,1478571,1478053,3.53E-180,627
dps_2,CP089948.1,100,519,0,0,1,519,1478835,1478317,0,959
dps_2,AE005672.3,100,519,0,0,1,519,1478571,1478053,0,959
dsbDdsbD_2_1,CP089948.1,99.576,708,3,0,1,708,940417,941124,0,1291
dsbDdsbD_2_1,AE005672.3,99.576,708,3,0,1,708,940156,940863,0,1291
ecfT_2_1,CP089948.1,100,536,0,0,161,696,1356889,1357424,0,990
ecfT_2_1,AE005672.3,100,536,0,0,161,696,1356625,1357160,0,990
fpuD_1,CP089948.1,99.874,795,1,0,1,795,976695,977489,0,1463
fpuD_1,AE005672.3,99.874,795,1,0,1,795,976435,977229,0,1463
galT_2galT_1,CP089948.1,99.119,1476,13,0,1,1476,1734307,1732832,0,2654
galT_2galT_1,AE005672.3,99.119,1476,13,0,1,1476,1741498,1740023,0,2654
glnM_1,CP089948.1,98.972,681,7,0,1,681,676381,675701,0,1219
glnM_1,AE005672.3,98.972,681,7,0,1,681,676121,675441,0,1219
glnMgltJ_1,CP089948.1,97.788,678,15,0,1,678,575858,575181,0,1170
glnMgltJ_1,AE005672.3,97.788,678,15,0,1,678,575600,574923,0,1170
glnP_1_1,CP089948.1,98.485,660,10,0,1,660,575171,574512,0,1164
glnP_1_1,AE005672.3,98.485,660,10,0,1,660,574913,574254,0,1164
glnQ_4glnQ_2_1,CP089948.1,95.924,736,30,0,1,736,425001,424266,0,1194
glnQ_4glnQ_2_1,CP089948.1,81.567,217,40,0,424,640,1174349,1174565,1.78E-45,180
glnQ_4glnQ_2_1,CP089948.1,97.297,37,1,0,729,765,853357,853321,1.87E-10,63.9
glnQ_4glnQ_2_1,CP089948.1,100,33,0,0,733,765,125249,125217,6.71E-10,62.1
glnQ_4glnQ_2_1,CP089948.1,97.222,36,1,0,730,765,588736,588771,6.71E-10,62.1
glnQ_4glnQ_2_1,CP089948.1,97.222,36,1,0,730,765,1505039,1505074,6.71E-10,62.1
glnQ_4glnQ_2_1,CP089948.1,97.222,36,1,0,730,765,2009092,2009127,6.71E-10,62.1
glnQ_4glnQ_2_1,CP089948.1,97.143,35,1,0,731,765,98164,98198,2.41E-09,60.2
glnQ_4glnQ_2_1,CP089948.1,97.143,35,1,0,731,765,257590,257624,2.41E-09,60.2
glnQ_4glnQ_2_1,CP089948.1,97.143,35,1,0,731,765,628135,628101,2.41E-09,60.2
glnQ_4glnQ_2_1,CP089948.1,100,32,0,0,734,765,1688476,1688507,2.41E-09,60.2
glnQ_4glnQ_2_1,CP089948.1,100,32,0,0,734,765,1697559,1697528,2.41E-09,60.2
glnQ_4glnQ_2_1,CP089948.1,94.737,38,2,0,728,765,2094740,2094777,2.41E-09,60.2
glnQ_4glnQ_2_1,CP089948.1,94.737,38,1,1,728,765,518588,518624,8.68E-09,58.4
glnQ_4glnQ_2_1,CP089948.1,97.059,34,1,0,732,765,528541,528508,8.68E-09,58.4
glnQ_4glnQ_2_1,CP089948.1,97.059,34,1,0,732,765,709531,709498,8.68E-09,58.4
glnQ_4glnQ_2_1,CP089948.1,97.059,34,1,0,732,765,1132558,1132591,8.68E-09,58.4
glnQ_4glnQ_2_1,CP089948.1,100,30,0,0,736,765,34528,34557,3.12E-08,56.5
glnQ_4glnQ_2_1,CP089948.1,100,30,0,0,736,765,40600,40571,3.12E-08,56.5
glnQ_4glnQ_2_1,CP089948.1,100,30,0,0,736,765,107173,107144,3.12E-08,56.5
glnQ_4glnQ_2_1,CP089948.1,100,30,0,0,736,765,144636,144607,3.12E-08,56.5
glnQ_4glnQ_2_1,CP089948.1,100,30,0,0,736,765,156259,156288,3.12E-08,56.5
glnQ_4glnQ_2_1,CP089948.1,100,30,0,0,736,765,258581,258610,3.12E-08,56.5
glnQ_4glnQ_2_1,CP089948.1,100,30,0,0,736,765,271639,271610,3.12E-08,56.5
glnQ_4glnQ_2_1,CP089948.1,100,30,0,0,736,765,368295,368266,3.12E-08,56.5
glnQ_4glnQ_2_1,CP089948.1,100,30,0,0,736,765,423387,423358,3.12E-08,56.5
glnQ_4glnQ_2_1,CP089948.1,96.97,33,1,0,733,765,463795,463827,3.12E-08,56.5
glnQ_4glnQ_2_1,CP089948.1,100,30,0,0,736,765,504900,504871,3.12E-08,56.5
glnQ_4glnQ_2_1,CP089948.1,100,30,0,0,736,765,574400,574429,3.12E-08,56.5
glnQ_4glnQ_2_1,CP089948.1,100,30,0,0,736,765,683199,683170,3.12E-08,56.5
glnQ_4glnQ_2_1,CP089948.1,100,30,0,0,736,765,736376,736347,3.12E-08,56.5
glnQ_4glnQ_2_1,CP089948.1,94.595,37,1,1,729,765,744079,744114,3.12E-08,56.5
glnQ_4glnQ_2_1,CP089948.1,100,30,0,0,736,765,768821,768850,3.12E-08,56.5
glnQ_4glnQ_2_1,CP089948.1,100,30,0,0,736,765,844000,844029,3.12E-08,56.5
glnQ_4glnQ_2_1,CP089948.1,100,30,0,0,736,765,1119904,1119875,3.12E-08,56.5
glnQ_4glnQ_2_1,CP089948.1,96.97,33,1,0,733,765,1161740,1161772,3.12E-08,56.5
glnQ_4glnQ_2_1,CP089948.1,100,30,0,0,736,765,1234431,1234460,3.12E-08,56.5
glnQ_4glnQ_2_1,CP089948.1,100,30,0,0,736,765,1277633,1277604,3.12E-08,56.5
glnQ_4glnQ_2_1,CP089948.1,100,30,0,0,736,765,1282421,1282392,3.12E-08,56.5
glnQ_4glnQ_2_1,CP089948.1,100,30,0,0,736,765,1336422,1336393,3.12E-08,56.5
glnQ_4glnQ_2_1,CP089948.1,100,30,0,0,736,765,1386434,1386463,3.12E-08,56.5
glnQ_4glnQ_2_1,CP089948.1,100,30,0,0,736,765,1545055,1545084,3.12E-08,56.5
glnQ_4glnQ_2_1,CP089948.1,100,30,0,0,736,765,1601196,1601167,3.12E-08,56.5
glnQ_4glnQ_2_1,CP089948.1,100,30,0,0,736,765,1611963,1611992,3.12E-08,56.5
glnQ_4glnQ_2_1,CP089948.1,100,30,0,0,736,765,1622195,1622224,3.12E-08,56.5
glnQ_4glnQ_2_1,CP089948.1,100,30,0,0,736,765,1645915,1645944,3.12E-08,56.5
glnQ_4glnQ_2_1,CP089948.1,100,30,0,0,736,765,1656589,1656560,3.12E-08,56.5
glnQ_4glnQ_2_1,CP089948.1,100,30,0,0,736,765,1724175,1724146,3.12E-08,56.5
glnQ_4glnQ_2_1,CP089948.1,100,30,0,0,736,765,1744790,1744819,3.12E-08,56.5
glnQ_4glnQ_2_1,CP089948.1,100,30,0,0,736,765,1771056,1771085,3.12E-08,56.5
glnQ_4glnQ_2_1,CP089948.1,100,30,0,0,736,765,1794205,1794176,3.12E-08,56.5
glnQ_4glnQ_2_1,CP089948.1,100,30,0,0,736,765,1829573,1829602,3.12E-08,56.5
glnQ_4glnQ_2_1,CP089948.1,100,30,0,0,736,765,1995190,1995161,3.12E-08,56.5
glnQ_4glnQ_2_1,CP089948.1,100,30,0,0,736,765,2022419,2022390,3.12E-08,56.5
glnQ_4glnQ_2_1,CP089948.1,100,30,0,0,736,765,2043270,2043299,3.12E-08,56.5
glnQ_4glnQ_2_1,CP089948.1,100,29,0,0,737,765,99320,99348,1.12E-07,54.7
glnQ_4glnQ_2_1,CP089948.1,100,29,0,0,737,765,596927,596899,1.12E-07,54.7
glnQ_4glnQ_2_1,CP089948.1,100,29,0,0,737,765,603928,603900,1.12E-07,54.7
glnQ_4glnQ_2_1,CP089948.1,100,29,0,0,736,764,783358,783386,1.12E-07,54.7
glnQ_4glnQ_2_1,CP089948.1,100,29,0,0,737,765,1324675,1324647,1.12E-07,54.7
glnQ_4glnQ_2_1,CP089948.1,100,29,0,0,736,764,1399511,1399483,1.12E-07,54.7
glnQ_4glnQ_2_1,CP089948.1,100,29,0,0,736,764,1503741,1503713,1.12E-07,54.7
glnQ_4glnQ_2_1,CP089948.1,100,29,0,0,736,764,1599247,1599275,1.12E-07,54.7
glnQ_4glnQ_2_1,CP089948.1,100,28,0,0,738,765,615327,615354,4.04E-07,52.8
glnQ_4glnQ_2_1,AE005672.3,95.924,736,30,0,1,736,424742,424007,0,1194
glnQ_4glnQ_2_1,AE005672.3,81.567,217,40,0,424,640,1174086,1174302,1.78E-45,180
glnQ_4glnQ_2_1,AE005672.3,97.297,37,1,0,729,765,853096,853060,1.87E-10,63.9
glnQ_4glnQ_2_1,AE005672.3,100,33,0,0,733,765,124989,124957,6.71E-10,62.1
glnQ_4glnQ_2_1,AE005672.3,97.222,36,1,0,730,765,588478,588513,6.71E-10,62.1
glnQ_4glnQ_2_1,AE005672.3,97.222,36,1,0,730,765,1504775,1504810,6.71E-10,62.1
glnQ_4glnQ_2_1,AE005672.3,97.222,36,1,0,730,765,2016282,2016317,6.71E-10,62.1
glnQ_4glnQ_2_1,AE005672.3,97.143,35,1,0,731,765,97904,97938,2.41E-09,60.2
glnQ_4glnQ_2_1,AE005672.3,97.143,35,1,0,731,765,257330,257364,2.41E-09,60.2
glnQ_4glnQ_2_1,AE005672.3,97.143,35,1,0,731,765,627876,627842,2.41E-09,60.2
glnQ_4glnQ_2_1,AE005672.3,100,32,0,0,734,765,1695668,1695699,2.41E-09,60.2
glnQ_4glnQ_2_1,AE005672.3,100,32,0,0,734,765,1704750,1704719,2.41E-09,60.2
glnQ_4glnQ_2_1,AE005672.3,94.737,38,2,0,728,765,2101929,2101966,2.41E-09,60.2
glnQ_4glnQ_2_1,AE005672.3,94.737,38,1,1,728,765,518330,518366,8.68E-09,58.4
glnQ_4glnQ_2_1,AE005672.3,97.059,34,1,0,732,765,528283,528250,8.68E-09,58.4
glnQ_4glnQ_2_1,AE005672.3,97.059,34,1,0,732,765,709271,709238,8.68E-09,58.4
glnQ_4glnQ_2_1,AE005672.3,97.059,34,1,0,732,765,1132297,1132330,8.68E-09,58.4
glnQ_4glnQ_2_1,AE005672.3,100,30,0,0,736,765,34724,34753,3.12E-08,56.5
glnQ_4glnQ_2_1,AE005672.3,100,30,0,0,736,765,40796,40767,3.12E-08,56.5
glnQ_4glnQ_2_1,AE005672.3,100,30,0,0,736,765,106913,106884,3.12E-08,56.5
glnQ_4glnQ_2_1,AE005672.3,100,30,0,0,736,765,144376,144347,3.12E-08,56.5
glnQ_4glnQ_2_1,AE005672.3,100,30,0,0,736,765,155999,156028,3.12E-08,56.5
glnQ_4glnQ_2_1,AE005672.3,100,30,0,0,736,765,258321,258350,3.12E-08,56.5
glnQ_4glnQ_2_1,AE005672.3,100,30,0,0,736,765,271379,271350,3.12E-08,56.5
glnQ_4glnQ_2_1,AE005672.3,100,30,0,0,736,765,368036,368007,3.12E-08,56.5
glnQ_4glnQ_2_1,AE005672.3,100,30,0,0,736,765,423128,423099,3.12E-08,56.5
glnQ_4glnQ_2_1,AE005672.3,96.97,33,1,0,733,765,463536,463568,3.12E-08,56.5
glnQ_4glnQ_2_1,AE005672.3,100,30,0,0,736,765,504642,504613,3.12E-08,56.5
glnQ_4glnQ_2_1,AE005672.3,100,30,0,0,736,765,574142,574171,3.12E-08,56.5
glnQ_4glnQ_2_1,AE005672.3,100,30,0,0,736,765,682939,682910,3.12E-08,56.5
glnQ_4glnQ_2_1,AE005672.3,100,30,0,0,736,765,736116,736087,3.12E-08,56.5
glnQ_4glnQ_2_1,AE005672.3,94.595,37,1,1,729,765,743819,743854,3.12E-08,56.5
glnQ_4glnQ_2_1,AE005672.3,100,30,0,0,736,765,768561,768590,3.12E-08,56.5
glnQ_4glnQ_2_1,AE005672.3,100,30,0,0,736,765,843739,843768,3.12E-08,56.5
glnQ_4glnQ_2_1,AE005672.3,100,30,0,0,736,765,1119643,1119614,3.12E-08,56.5
glnQ_4glnQ_2_1,AE005672.3,96.97,33,1,0,733,765,1161477,1161509,3.12E-08,56.5
glnQ_4glnQ_2_1,AE005672.3,100,30,0,0,736,765,1234168,1234197,3.12E-08,56.5
glnQ_4glnQ_2_1,AE005672.3,100,30,0,0,736,765,1277370,1277341,3.12E-08,56.5
glnQ_4glnQ_2_1,AE005672.3,100,30,0,0,736,765,1282157,1282128,3.12E-08,56.5
glnQ_4glnQ_2_1,AE005672.3,100,30,0,0,736,765,1336158,1336129,3.12E-08,56.5
glnQ_4glnQ_2_1,AE005672.3,100,30,0,0,736,765,1386170,1386199,3.12E-08,56.5
glnQ_4glnQ_2_1,AE005672.3,100,30,0,0,736,765,1544791,1544820,3.12E-08,56.5
glnQ_4glnQ_2_1,AE005672.3,100,30,0,0,736,765,1600932,1600903,3.12E-08,56.5
glnQ_4glnQ_2_1,AE005672.3,100,30,0,0,736,765,1611699,1611728,3.12E-08,56.5
glnQ_4glnQ_2_1,AE005672.3,100,30,0,0,736,765,1621930,1621959,3.12E-08,56.5
glnQ_4glnQ_2_1,AE005672.3,100,30,0,0,736,765,1645650,1645679,3.12E-08,56.5
glnQ_4glnQ_2_1,AE005672.3,100,30,0,0,736,765,1656324,1656295,3.12E-08,56.5
glnQ_4glnQ_2_1,AE005672.3,100,30,0,0,736,765,1731366,1731337,3.12E-08,56.5
glnQ_4glnQ_2_1,AE005672.3,100,30,0,0,736,765,1751981,1752010,3.12E-08,56.5
glnQ_4glnQ_2_1,AE005672.3,100,30,0,0,736,765,1778248,1778277,3.12E-08,56.5
glnQ_4glnQ_2_1,AE005672.3,100,30,0,0,736,765,1801397,1801368,3.12E-08,56.5
glnQ_4glnQ_2_1,AE005672.3,100,30,0,0,736,765,1836764,1836793,3.12E-08,56.5
glnQ_4glnQ_2_1,AE005672.3,100,30,0,0,736,765,2002380,2002351,3.12E-08,56.5
glnQ_4glnQ_2_1,AE005672.3,100,30,0,0,736,765,2029608,2029579,3.12E-08,56.5
glnQ_4glnQ_2_1,AE005672.3,100,30,0,0,736,765,2050459,2050488,3.12E-08,56.5
glnQ_4glnQ_2_1,AE005672.3,100,29,0,0,737,765,99060,99088,1.12E-07,54.7
glnQ_4glnQ_2_1,AE005672.3,100,29,0,0,737,765,596669,596641,1.12E-07,54.7
glnQ_4glnQ_2_1,AE005672.3,100,29,0,0,737,765,603669,603641,1.12E-07,54.7
glnQ_4glnQ_2_1,AE005672.3,100,29,0,0,736,764,783098,783126,1.12E-07,54.7
glnQ_4glnQ_2_1,AE005672.3,100,29,0,0,737,765,1324411,1324383,1.12E-07,54.7
glnQ_4glnQ_2_1,AE005672.3,100,29,0,0,736,764,1399247,1399219,1.12E-07,54.7
glnQ_4glnQ_2_1,AE005672.3,100,29,0,0,736,764,1503477,1503449,1.12E-07,54.7
glnQ_4glnQ_2_1,AE005672.3,100,29,0,0,736,764,1598983,1599011,1.12E-07,54.7
glnQ_4glnQ_2_1,AE005672.3,100,28,0,0,738,765,615068,615095,4.04E-07,52.8
glnQ_4glnQ_2_1,EF488093.1,94.737,38,1,1,728,765,13686,13722,8.68E-09,58.4
glxK_1,CP089948.1,99.373,1116,7,0,1,1116,1060311,1061426,0,2023
glxK_1,AE005672.3,99.373,1116,7,0,1,1116,1060051,1061166,0,2023
glyD_1,CP089948.1,89.355,2433,229,25,7,2424,1672890,1670473,0,3031
glyD_1,AE005672.3,89.355,2433,229,25,7,2424,1672625,1670208,0,3031
glyD_2glyE_4glyE_1_1,CP089948.1,96.574,1401,48,0,1,1401,1677747,1676347,0,2322
glyD_2glyE_4glyE_1_1,AE005672.3,96.574,1401,48,0,1,1401,1677482,1676082,0,2322
glyE_3_1,CP089948.1,99.834,1202,2,0,20,1221,1670402,1669201,0,2209
glyE_3_1,AE005672.3,99.834,1202,2,0,20,1221,1670137,1668936,0,2209
glyE_4_1,CP089948.1,99.081,1197,11,0,1,1197,1669192,1667996,0,2150
glyE_4_1,AE005672.3,99.081,1197,11,0,1,1197,1668927,1667731,0,2150
glyG_2epsJ_1,CP089948.1,98.383,866,12,1,14,879,1674808,1673945,0,1520
glyG_2epsJ_1,AE005672.3,98.383,866,12,1,14,879,1674543,1673680,0,1520
glyG_3_2,CP089948.1,99.07,645,3,1,1,645,1674586,1673945,0,1155
glyG_3_2,AE005672.3,99.07,645,3,1,1,645,1674321,1673680,0,1155
glyG_5glyG_2glyG_4_1,CP089948.1,99.89,906,1,0,1,906,1667996,1667091,0,1668
glyG_5glyG_2glyG_4_1,AE005672.3,99.89,906,1,0,1,906,1667731,1666826,0,1668
gpsB_1,CP089948.1,84.84,343,38,7,1,342,350527,350856,5.56E-92,333
gpsB_1,AE005672.3,84.84,343,38,7,1,342,350268,350597,5.56E-92,333
gpsB_2,CP089948.1,99.697,330,1,0,1,330,350527,350856,1.03E-173,604
gpsB_2,AE005672.3,99.697,330,1,0,1,330,350268,350597,1.03E-173,604
gtf3_1,CP089948.1,95.949,1012,39,2,1,1011,1673916,1672906,0,1640
gtf3_1,AE005672.3,95.949,1012,39,2,1,1011,1673651,1672641,0,1640
gtfA_2_1,CP089948.1,99.669,1512,5,0,1,1512,1659894,1658383,0,2765
gtfA_2_1,AE005672.3,99.669,1512,5,0,1,1512,1659629,1658118,0,2765
gtfB_1_1,CP089948.1,100,72,0,0,1,72,1676350,1676279,1.62E-31,134
gtfB_1_1,AE005672.3,100,72,0,0,1,72,1676085,1676014,1.62E-31,134
gtfB_2_1,CP089948.1,98.729,1338,17,0,1,1338,1658390,1657053,0,2377
gtfB_2_1,AE005672.3,98.729,1338,17,0,1,1338,1658125,1656788,0,2377
hasBugdugd_1ugd_2_1,CP089948.1,99.574,1173,4,1,1,1173,138532,139703,0,2137
hasBugdugd_1ugd_2_1,AE005672.3,99.574,1173,4,1,1,1173,138272,139443,0,2137
hup_1,CP089948.1,99.275,276,2,0,1,276,1042359,1042634,4.12E-142,499
hup_1,AE005672.3,99.275,276,2,0,1,276,1042099,1042374,4.12E-142,499
iga_1,CP089948.1,97.749,533,11,1,626,1157,636096,636628,0,917
iga_1,CP089948.1,96.198,526,11,3,257,782,635476,635992,0,852
iga_1,CP089948.1,100,262,0,0,1,262,635040,635301,2.55E-136,484
iga_1,AE005672.3,97.749,533,11,1,626,1157,635837,636369,0,917
iga_1,AE005672.3,96.198,526,11,3,257,782,635217,635733,0,852
iga_1,AE005672.3,100,262,0,0,1,262,634781,635042,2.55E-136,484
iga_2,CP089948.1,86.714,4787,605,26,1321,6096,1085389,1090155,0,5288
iga_2,CP089948.1,97.293,1367,37,0,64,1430,1084183,1085549,0,2320
iga_2,AE005672.3,86.714,4787,605,26,1321,6096,1085129,1089895,0,5288
iga_2,AE005672.3,97.293,1367,37,0,64,1430,1083923,1085289,0,2320
iga_1_1,CP089948.1,98.658,2534,28,6,1,2531,635040,637570,0,4486
iga_1_1,CP089948.1,87.333,2613,311,17,3110,5712,638158,640760,0,2974
iga_1_1,CP089948.1,89.241,158,7,4,1057,1214,635845,635992,2.26E-47,189
iga_1_1,CP089948.1,87.975,158,9,3,806,953,636096,636253,4.89E-44,178
iga_1_1,AE005672.3,98.658,2534,28,6,1,2531,634781,637311,0,4486
iga_1_1,AE005672.3,87.333,2613,311,17,3110,5712,637899,640501,0,2974
iga_1_1,AE005672.3,89.241,158,7,4,1057,1214,635586,635733,2.26E-47,189
iga_1_1,AE005672.3,87.975,158,9,3,806,953,635837,635994,4.89E-44,178
iga_1iga_1,CP089948.1,87.5,192,21,3,91,281,1085389,1085578,2.20E-56,219
iga_1iga_1,CP089948.1,95.714,70,3,0,4296,4365,1090086,1090155,1.07E-24,113
iga_1iga_1,AE005672.3,87.5,192,21,3,91,281,1085129,1085318,2.20E-56,219
iga_1iga_1,AE005672.3,95.714,70,3,0,4296,4365,1089826,1089895,1.07E-24,113
IMPDH_1_1,CP089948.1,98.63,657,9,0,1,657,713199,713855,0,1164
IMPDH_1_1,AE005672.3,98.63,657,9,0,1,657,712939,713595,0,1164
lacE_2_1,CP089948.1,78.474,1691,333,27,19,1695,1124718,1123045,0,1077
lacE_2_1,AE005672.3,78.474,1691,333,27,19,1695,1124457,1122784,0,1077
lacE_2lacE_1_1,CP089948.1,97.143,1680,48,0,1,1680,457602,459281,0,2837
lacE_2lacE_1_1,AE005672.3,97.143,1680,48,0,1,1680,457343,459022,0,2837
lacF_1_1,CP089948.1,99.42,345,2,0,1,345,455767,456111,2.30E-180,627
lacF_1_1,AE005672.3,99.42,345,2,0,1,345,455508,455852,2.30E-180,627
lacF_3_1,CP089948.1,100,315,0,0,1,315,281375,281689,4.58E-167,582
lacF_3_1,AE005672.3,100,315,0,0,1,315,281116,281430,4.58E-167,582
lacG_1_1,CP089948.1,98.514,1413,21,0,1,1413,456121,457533,0,2494
lacG_1_1,AE005672.3,98.514,1413,21,0,1,1413,455862,457274,0,2494
lafA_1,CP089948.1,99.608,255,1,0,1,255,515350,515604,3.83E-132,466
lafA_1,AE005672.3,99.608,255,1,0,1,255,515092,515346,3.83E-132,466
lafA_1,EF488093.1,99.608,255,1,0,1,255,10448,10702,3.83E-132,466
lagD_3_1,CP089948.1,97.927,193,4,0,1549,1741,1235478,1235286,8.28E-92,335
lagD_3_1,AE005672.3,97.927,193,4,0,1549,1741,1235215,1235023,8.28E-92,335
lagD_4msbA_1hlyB_2_1,CP089948.1,100,2109,0,0,1,2109,1848662,1850770,0,3895
lagD_4msbA_1hlyB_2_1,AE005672.3,100,2109,0,0,1,2109,1855853,1857961,0,3895
licC_5licC_3_1,CP089948.1,99.852,1347,2,0,1,1347,282306,283652,0,2477
licC_5licC_3_1,AE005672.3,99.852,1347,2,0,1,1347,282047,283393,0,2477
licC_5licC_4_1,CP089948.1,99.169,1323,11,0,1,1323,452389,453711,0,2383
licC_5licC_4_1,AE005672.3,99.169,1323,11,0,1,1323,452130,453452,0,2383
licR_2_1,CP089948.1,99.783,921,1,1,1,921,279392,280311,0,1688
licR_2_1,AE005672.3,99.783,921,1,1,1,921,279133,280052,0,1688
licR_3_1,CP089948.1,99.415,1026,6,0,1,1026,280340,281365,0,1862
licR_3_1,AE005672.3,99.415,1026,6,0,1,1026,280081,281106,0,1862
lnpD_1_1,CP089948.1,99.703,1011,3,0,1,1011,1732819,1731809,0,1851
lnpD_1_1,AE005672.3,99.703,1011,3,0,1,1011,1740010,1739000,0,1851
lysA_2sbnH_1,CP089948.1,99.91,1107,1,0,1,1107,161422,162528,0,2039
lysA_2sbnH_1,AE005672.3,99.91,1107,1,0,1,1107,161162,162268,0,2039
lytA_1_1,CP089948.1,88.248,936,102,8,26,957,1834145,1833214,0,1112
lytA_1_1,AE005672.3,88.248,936,102,8,26,957,1841336,1840405,0,1112
lytA_1lytA_2_1,CP089948.1,89.074,421,42,4,1,419,120495,120913,5.01E-148,520
lytA_1lytA_2_1,CP089948.1,88.028,426,51,0,1,426,2103251,2102826,1.40E-143,505
lytA_1lytA_2_1,AE005672.3,89.074,421,42,4,1,419,120235,120653,5.01E-148,520
lytA_1lytA_2_1,AE005672.3,88.028,426,51,0,1,426,2110440,2110015,1.40E-143,505
lytA_2lytA_1_1,CP089948.1,80.64,1250,170,56,875,2094,119710,120917,0,902
lytA_2lytA_1_1,CP089948.1,86.777,484,54,10,1612,2090,2103311,2102833,1.19E-150,531
lytA_2lytA_1_1,CP089948.1,84.572,538,52,11,1278,1813,2103498,2102990,7.19E-143,505
lytA_2lytA_1_1,CP089948.1,88.462,286,29,4,1584,1867,120467,120750,5.96E-94,342
lytA_2lytA_1_1,CP089948.1,81.679,393,57,14,1544,1927,120304,120690,4.68E-85,313
lytA_2lytA_1_1,CP089948.1,88.76,258,25,4,1492,1747,120495,120750,4.68E-85,313
lytA_2lytA_1_1,CP089948.1,93.22,177,10,2,1846,2021,120306,120481,6.18E-69,259
lytA_2lytA_1_1,CP089948.1,84.015,269,36,6,1,264,118683,118949,1.03E-66,252
lytA_2lytA_1_1,CP089948.1,85.714,224,28,4,1465,1686,120528,120749,3.74E-61,233
lytA_2lytA_1_1,CP089948.1,85.333,225,27,6,1465,1686,2103218,2102997,1.74E-59,228
lytA_2lytA_1_1,CP089948.1,76.38,326,60,16,1612,1927,120312,120630,6.45E-39,159
lytA_2lytA_1_1,CP089948.1,77.338,278,42,16,1661,1926,120301,120569,1.81E-34,145
lytA_2lytA_1_1,CP089948.1,80.328,183,29,6,875,1054,119467,119645,1.41E-30,132
lytA_2lytA_1_1,CP089948.1,96,75,3,0,606,680,119555,119629,8.46E-28,122
lytA_2lytA_1_1,CP089948.1,96,75,3,0,606,680,119798,119872,8.46E-28,122
lytA_2lytA_1_1,CP089948.1,95.556,45,2,0,1393,1437,120060,120104,8.64E-13,73.1
lytA_2lytA_1_1,CP089948.1,95.556,45,2,0,1393,1437,120114,120158,8.64E-13,73.1
lytA_2lytA_1_1,CP089948.1,100,29,0,0,1372,1400,2103551,2103523,3.13E-07,54.7
lytA_2lytA_1_1,AE005672.3,80.64,1250,170,56,875,2094,119450,120657,0,902
lytA_2lytA_1_1,AE005672.3,86.777,484,54,10,1612,2090,2110500,2110022,1.19E-150,531
lytA_2lytA_1_1,AE005672.3,84.572,538,52,11,1278,1813,2110687,2110179,7.19E-143,505
lytA_2lytA_1_1,AE005672.3,88.462,286,29,4,1584,1867,120207,120490,5.96E-94,342
lytA_2lytA_1_1,AE005672.3,81.679,393,57,14,1544,1927,120044,120430,4.68E-85,313
lytA_2lytA_1_1,AE005672.3,88.76,258,25,4,1492,1747,120235,120490,4.68E-85,313
lytA_2lytA_1_1,AE005672.3,93.22,177,10,2,1846,2021,120046,120221,6.18E-69,259
lytA_2lytA_1_1,AE005672.3,84.015,269,36,6,1,264,118423,118689,1.03E-66,252
lytA_2lytA_1_1,AE005672.3,85.714,224,28,4,1465,1686,120268,120489,3.74E-61,233
lytA_2lytA_1_1,AE005672.3,85.333,225,27,6,1465,1686,2110407,2110186,1.74E-59,228
lytA_2lytA_1_1,AE005672.3,76.38,326,60,16,1612,1927,120052,120370,6.45E-39,159
lytA_2lytA_1_1,AE005672.3,77.338,278,42,16,1661,1926,120041,120309,1.81E-34,145
lytA_2lytA_1_1,AE005672.3,80.328,183,29,6,875,1054,119207,119385,1.41E-30,132
lytA_2lytA_1_1,AE005672.3,96,75,3,0,606,680,119295,119369,8.46E-28,122
lytA_2lytA_1_1,AE005672.3,96,75,3,0,606,680,119538,119612,8.46E-28,122
lytA_2lytA_1_1,AE005672.3,95.556,45,2,0,1393,1437,119800,119844,8.64E-13,73.1
lytA_2lytA_1_1,AE005672.3,95.556,45,2,0,1393,1437,119854,119898,8.64E-13,73.1
lytA_2lytA_1_1,AE005672.3,100,29,0,0,1372,1400,2110740,2110712,3.13E-07,54.7
lytA_3lytB_2_1,CP089948.1,84.01,813,103,22,1009,1803,120114,120917,0,756
lytA_3lytB_2_1,CP089948.1,87.734,481,55,4,1321,1799,2103311,2102833,4.68E-159,558
lytA_3lytB_2_1,CP089948.1,86.911,382,42,8,1138,1515,2103374,2102997,6.40E-118,422
lytA_3lytB_2_1,CP089948.1,83.947,380,55,6,1206,1582,2103366,2102990,5.09E-99,359
lytA_3lytB_2_1,CP089948.1,86.76,287,32,6,1293,1576,120467,120750,1.12E-85,315
lytA_3lytB_2_1,CP089948.1,88.496,226,22,4,1413,1636,120467,120690,2.45E-72,270
lytA_3lytB_2_1,CP089948.1,85.214,257,34,4,1201,1455,2103251,2102997,1.48E-69,261
lytA_3lytB_2_1,CP089948.1,93.567,171,9,2,1561,1730,120312,120481,2.47E-67,254
lytA_3lytB_2_1,CP089948.1,84.556,259,32,8,1201,1455,120495,120749,3.20E-66,250
lytA_3lytB_2_1,CP089948.1,86.996,223,27,2,1414,1635,2103338,2103117,3.20E-66,250
lytA_3lytB_2_1,CP089948.1,84.444,225,29,6,1174,1395,2103218,2102997,3.24E-56,217
lytA_3lytB_2_1,CP089948.1,81.343,268,34,11,1,263,118683,118939,2.52E-52,204
lytA_3lytB_2_1,CP089948.1,77.846,325,57,14,1321,1636,120312,120630,2.54E-47,187
lytA_3lytB_2_1,CP089948.1,93.421,76,5,0,1501,1576,120312,120387,4.37E-25,113
lytA_3lytB_2_1,AE005672.3,84.01,813,103,22,1009,1803,119854,120657,0,756
lytA_3lytB_2_1,AE005672.3,87.734,481,55,4,1321,1799,2110500,2110022,4.68E-159,558
lytA_3lytB_2_1,AE005672.3,86.911,382,42,8,1138,1515,2110563,2110186,6.40E-118,422
lytA_3lytB_2_1,AE005672.3,83.947,380,55,6,1206,1582,2110555,2110179,5.09E-99,359
lytA_3lytB_2_1,AE005672.3,86.76,287,32,6,1293,1576,120207,120490,1.12E-85,315
lytA_3lytB_2_1,AE005672.3,88.496,226,22,4,1413,1636,120207,120430,2.45E-72,270
lytA_3lytB_2_1,AE005672.3,85.214,257,34,4,1201,1455,2110440,2110186,1.48E-69,261
lytA_3lytB_2_1,AE005672.3,93.567,171,9,2,1561,1730,120052,120221,2.47E-67,254
lytA_3lytB_2_1,AE005672.3,84.556,259,32,8,1201,1455,120235,120489,3.20E-66,250
lytA_3lytB_2_1,AE005672.3,86.996,223,27,2,1414,1635,2110527,2110306,3.20E-66,250
lytA_3lytB_2_1,AE005672.3,84.444,225,29,6,1174,1395,2110407,2110186,3.24E-56,217
lytA_3lytB_2_1,AE005672.3,81.343,268,34,11,1,263,118423,118679,2.52E-52,204
lytA_3lytB_2_1,AE005672.3,77.846,325,57,14,1321,1636,120052,120370,2.54E-47,187
lytA_3lytB_2_1,AE005672.3,93.421,76,5,0,1501,1576,120052,120127,4.37E-25,113
lytB_2lytA_2_1,CP089948.1,93.889,1440,40,11,436,1875,2104388,2102997,0,2128
lytB_2lytA_2_1,CP089948.1,93.023,516,30,6,1654,2166,2103338,2102826,0,749
lytB_2lytA_2_1,CP089948.1,82.294,898,116,34,1288,2159,120033,120913,0,737
lytB_2lytA_2_1,CP089948.1,94.969,318,16,0,440,757,2103925,2103608,3.46E-141,499
lytB_2lytA_2_1,CP089948.1,95.238,315,15,0,929,1243,2104381,2104067,3.46E-141,499
lytB_2lytA_2_1,CP089948.1,90.536,317,26,4,1621,1935,2103311,2102997,3.58E-116,416
lytB_2lytA_2_1,CP089948.1,93.359,256,15,2,1561,1815,2103251,2102997,1.69E-104,377
lytB_2lytA_2_1,CP089948.1,88.732,284,28,4,1714,1995,2103338,2103057,1.72E-94,344
lytB_2lytA_2_1,CP089948.1,86.411,287,31,8,1653,1935,120467,120749,2.25E-83,307
lytB_2lytA_2_1,CP089948.1,85.614,285,37,4,1593,1875,120467,120749,4.87E-80,296
lytB_2lytA_2_1,CP089948.1,80.311,386,59,15,1621,1996,120312,120690,6.35E-74,276
lytB_2lytA_2_1,CP089948.1,90.355,197,15,4,1801,1995,2103311,2103117,8.27E-68,255
lytB_2lytA_2_1,CP089948.1,92.135,178,14,0,1913,2090,120304,120481,1.07E-66,252
lytB_2lytA_2_1,CP089948.1,79.037,353,57,16,1654,1996,120285,120630,6.48E-59,226
lytB_2lytA_2_1,CP089948.1,87.195,164,17,4,1534,1695,2103158,2102997,3.96E-46,183
lytB_2lytA_2_1,CP089948.1,78.755,273,47,9,1730,1995,120301,120569,8.57E-43,172
lytB_2lytA_2_1,CP089948.1,96.667,90,2,1,1,89,2104907,2104818,1.44E-35,148
lytB_2lytA_2_1,CP089948.1,87.5,104,9,4,1534,1635,2103098,2102997,4.07E-26,117
lytB_2lytA_2_1,CP089948.1,88.095,84,8,2,1913,1995,2103319,2103237,1.47E-20,99
lytB_2lytA_2_1,CP089948.1,88.158,76,7,2,1861,1935,120312,120386,8.88E-18,89.8
lytB_2lytA_2_1,AE005672.3,93.889,1440,40,11,436,1875,2111577,2110186,0,2128
lytB_2lytA_2_1,AE005672.3,93.023,516,30,6,1654,2166,2110527,2110015,0,749
lytB_2lytA_2_1,AE005672.3,82.294,898,116,34,1288,2159,119773,120653,0,737
lytB_2lytA_2_1,AE005672.3,94.969,318,16,0,440,757,2111114,2110797,3.46E-141,499
lytB_2lytA_2_1,AE005672.3,95.238,315,15,0,929,1243,2111570,2111256,3.46E-141,499
lytB_2lytA_2_1,AE005672.3,90.536,317,26,4,1621,1935,2110500,2110186,3.58E-116,416
lytB_2lytA_2_1,AE005672.3,93.359,256,15,2,1561,1815,2110440,2110186,1.69E-104,377
lytB_2lytA_2_1,AE005672.3,88.732,284,28,4,1714,1995,2110527,2110246,1.72E-94,344
lytB_2lytA_2_1,AE005672.3,86.411,287,31,8,1653,1935,120207,120489,2.25E-83,307
lytB_2lytA_2_1,AE005672.3,85.614,285,37,4,1593,1875,120207,120489,4.87E-80,296
lytB_2lytA_2_1,AE005672.3,80.311,386,59,15,1621,1996,120052,120430,6.35E-74,276
lytB_2lytA_2_1,AE005672.3,90.355,197,15,4,1801,1995,2110500,2110306,8.27E-68,255
lytB_2lytA_2_1,AE005672.3,92.135,178,14,0,1913,2090,120044,120221,1.07E-66,252
lytB_2lytA_2_1,AE005672.3,79.037,353,57,16,1654,1996,120025,120370,6.48E-59,226
lytB_2lytA_2_1,AE005672.3,87.195,164,17,4,1534,1695,2110347,2110186,3.96E-46,183
lytB_2lytA_2_1,AE005672.3,78.755,273,47,9,1730,1995,120041,120309,8.57E-43,172
lytB_2lytA_2_1,AE005672.3,96.667,90,2,1,1,89,2112096,2112007,1.44E-35,148
lytB_2lytA_2_1,AE005672.3,87.5,104,9,4,1534,1635,2110287,2110186,4.07E-26,117
lytB_2lytA_2_1,AE005672.3,88.095,84,8,2,1913,1995,2110508,2110426,1.47E-20,99
lytB_2lytA_2_1,AE005672.3,88.158,76,7,2,1861,1935,120052,120126,8.88E-18,89.8
macB_1,CP089948.1,99.533,642,3,0,1,642,113498,114139,0,1170
macB_1,AE005672.3,99.533,642,3,0,1,642,113238,113879,0,1170
menH_1,CP089948.1,96.284,619,21,2,1,618,642543,643160,0,1014
menH_1,AE005672.3,96.284,619,21,2,1,618,642284,642901,0,1014
mntB_2btuD_3_1,CP089948.1,99.891,918,1,0,1,918,997810,998727,0,1690
mntB_2btuD_3_1,AE005672.3,99.891,918,1,0,1,918,997550,998467,0,1690
msbA_1msbA_2_1,CP089948.1,100,621,0,0,1,621,1264917,1264297,0,1147
msbA_1msbA_2_1,AE005672.3,100,621,0,0,1,621,1264654,1264034,0,1147
mshAbshA_1,CP089948.1,99.596,495,2,0,1,495,133974,134468,0,904
mshAbshA_1,AE005672.3,99.596,495,2,0,1,495,133714,134208,0,904
mtlD_1,CP089948.1,99.648,1137,4,0,1,1137,376818,377954,0,2078
mtlD_1,AE005672.3,99.648,1137,4,0,1,1137,376559,377695,0,2078
mtlF_1,CP089948.1,99.543,438,2,0,1,438,376319,376756,0,798
mtlF_1,AE005672.3,99.543,438,2,0,1,438,376060,376497,0,798
mtlR_1,CP089948.1,99.636,1924,7,0,1,1924,374362,376285,0,3515
mtlR_1,AE005672.3,99.636,1924,7,0,1,1924,374103,376026,0,3515
murR_1,CP089948.1,100,801,0,0,1,801,1256399,1255599,0,1480
murR_1,AE005672.3,100,801,0,0,1,801,1256136,1255336,0,1480
nagKnagC_2_1,CP089948.1,99.51,1224,6,0,1,1224,452221,450998,0,2228
nagKnagC_2_1,AE005672.3,99.51,1224,6,0,1,1224,451962,450739,0,2228
nanA_3_1,CP089948.1,100,918,0,0,1,918,1254859,1253942,0,1696
nanA_3_1,AE005672.3,100,918,0,0,1,918,1254596,1253679,0,1696
nanB_2_1,CP089948.1,100,2223,0,0,1,2223,1251894,1249672,0,4106
nanB_2_1,AE005672.3,100,2223,0,0,1,2223,1251631,1249409,0,4106
nanE_2_1,CP089948.1,100,702,0,0,1,702,1255585,1254884,0,1297
nanE_2_1,AE005672.3,100,702,0,0,1,702,1255322,1254621,0,1297
ndvA_1,CP089948.1,99.187,1722,14,0,1,1722,1354605,1356326,0,3103
ndvA_1,AE005672.3,99.187,1722,14,0,1,1722,1354341,1356062,0,3103
ntpA_1,CP089948.1,98.367,1776,29,0,1,1776,1242595,1240820,0,3120
ntpA_1,AE005672.3,98.367,1776,29,0,1,1776,1242332,1240557,0,3120
ntpB_1,CP089948.1,98.918,1386,15,0,1,1386,1240819,1239434,0,2477
ntpB_1,AE005672.3,98.918,1386,15,0,1,1386,1240556,1239171,0,2477
ntpC_1,CP089948.1,100,1008,0,0,1,1008,1243975,1242968,0,1862
ntpC_1,AE005672.3,100,1008,0,0,1,1008,1243712,1242705,0,1862
ntpD_1,CP089948.1,98.203,612,11,0,1,612,1239411,1238800,0,1070
ntpD_1,AE005672.3,98.203,612,11,0,1,612,1239148,1238537,0,1070
ntpG_1,CP089948.1,100,321,0,0,1,321,1242978,1242658,2.16E-170,593
ntpG_1,AE005672.3,100,321,0,0,1,321,1242715,1242395,2.16E-170,593
ntpK_1,CP089948.1,100,477,0,0,1,477,1245131,1244655,0,881
ntpK_1,AE005672.3,100,477,0,0,1,477,1244868,1244392,0,881
pbpX_2pbpXpbpX_1_1,CP089948.1,96.277,2256,78,4,1,2253,307139,309391,0,3696
pbpX_2pbpXpbpX_1_1,AE005672.3,96.277,2256,78,4,1,2253,306880,309132,0,3696
pepA_1pepA_2_1,CP089948.1,90.127,1023,101,0,1,1023,594516,595538,0,1330
pepA_1pepA_2_1,AE005672.3,90.127,1023,101,0,1,1023,594258,595280,0,1330
pheSpheS_1sacB_1,CP089948.1,99.792,481,1,0,1,481,548027,548507,0,883
pheSpheS_1sacB_1,AE005672.3,99.792,481,1,0,1,481,547769,548249,0,883
phoU_3phoU_1_1,CP089948.1,98.353,607,10,0,45,651,1734926,1734320,0,1066
phoU_3phoU_1_1,AE005672.3,98.353,607,10,0,45,651,1742117,1741511,0,1066
ponA_1,CP089948.1,88.837,2141,227,10,1,2132,349271,347134,0,2619
ponA_1,AE005672.3,88.837,2141,227,10,1,2132,349012,346875,0,2619
ramC_1,CP089948.1,99.205,1383,11,0,1,1383,1270372,1268990,0,2494
ramC_1,AE005672.3,99.205,1383,11,0,1,1383,1270109,1268727,0,2494
rnyrny_2_1,CP089948.1,100,606,0,0,1330,1935,1644111,1643506,0,1120
rnyrny_2_1,AE005672.3,100,606,0,0,1330,1935,1643846,1643241,0,1120
rplB_1,CP089948.1,99.88,834,1,0,1,834,195415,196248,0,1535
rplB_1,AE005672.3,99.88,834,1,0,1,834,195155,195988,0,1535
sarA_2_1,CP089948.1,98.79,1983,24,0,1,1983,339358,341340,0,3530
sarA_2_1,AE005672.3,98.79,1983,24,0,1,1983,339099,341081,0,3530
secA_1_1,CP089948.1,99.621,2373,9,0,1,2373,1662278,1659906,0,4333
secA_1_1,AE005672.3,99.621,2373,9,0,1,2373,1662013,1659641,0,4333
secY_2_1,CP089948.1,95.652,1219,51,2,1,1218,1667034,1665817,0,1956
secY_2_1,AE005672.3,95.652,1219,51,2,1,1218,1666769,1665552,0,1956
sorC_3sorC_2sorC_1_1,CP089948.1,99.083,981,9,0,1,981,217011,217991,0,1762
sorC_3sorC_2sorC_1_1,AE005672.3,99.083,981,9,0,1,981,216751,217731,0,1762
spo0J_1,CP089948.1,99.583,720,3,0,1,720,2152894,2153613,0,1314
spo0J_1,AE005672.3,99.583,720,3,0,1,720,2160083,2160802,0,1314
tagTtagU_2tagU_1_1,CP089948.1,95.851,1446,60,0,1,1446,320336,321781,0,2338
tagTtagU_2tagU_1_1,AE005672.3,95.851,1446,60,0,1,1446,320077,321522,0,2338
tagU_2_1,CP089948.1,94.755,1449,70,4,1,1446,320336,321781,0,2250
tagU_2_1,AE005672.3,94.755,1449,70,4,1,1446,320077,321522,0,2250
ttuC_1,CP089948.1,99.257,1345,8,2,1,1345,664555,665897,0,2427
ttuC_1,AE005672.3,99.257,1345,8,2,1,1345,664295,665637,0,2427
ugd_1,CP089948.1,99.574,1173,4,1,1,1173,138532,139703,0,2137
ugd_1,AE005672.3,99.574,1173,4,1,1,1173,138272,139443,0,2137
wbjC_1,CP089948.1,98.859,1227,12,2,6,1230,334292,335518,0,2187
wbjC_1,AE005672.3,98.859,1227,12,2,6,1230,334033,335259,0,2187
wbpI_1,CP089948.1,99.325,1185,8,0,1,1185,335519,336703,0,2145
wbpI_1,AE005672.3,99.325,1185,8,0,1,1185,335260,336444,0,2145
xerC_1_2,CP089948.1,82.955,352,60,0,29,380,273829,273478,1.95E-87,318
xerC_1_2,AE005672.3,82.72,353,60,1,29,380,273570,273218,9.05E-86,313
yjhC_2_1,CP089948.1,100,1110,0,0,1,1110,1249632,1248523,0,2050
yjhC_2_1,AE005672.3,100,1110,0,0,1,1110,1249369,1248260,0,2050
yodJ_1,CP089948.1,96.653,717,24,0,1,717,596028,596744,0,1192
yodJ_1,AE005672.3,96.653,717,24,0,1,717,595770,596486,0,1192
yodJ_2,CP089948.1,81.412,694,117,8,30,717,596057,596744,6.57E-159,556
yodJ_2,AE005672.3,81.412,694,117,8,30,717,595799,596486,6.57E-159,556
yoeB_1,CP089948.1,95.294,255,12,0,1,255,1645564,1645310,8.47E-114,405
yoeB_1,AE005672.3,95.294,255,12,0,1,255,1645299,1645045,8.47E-114,405
ywqC_1,CP089948.1,79.77,697,133,8,1,693,322523,323215,1.08E-141,499
ywqC_1,AE005672.3,79.77,697,133,8,1,693,322264,322956,1.08E-141,499
ywqC_2,CP089948.1,77.475,697,149,8,1,693,322523,323215,5.22E-115,411
ywqC_2,AE005672.3,77.475,697,149,8,1,693,322264,322956,5.22E-115,411
ywqC_3,CP089948.1,85.298,687,99,2,8,693,322530,323215,0,708
ywqC_3,AE005672.3,85.298,687,99,2,8,693,322271,322956,0,708
